title,url,description
Dog Eats People,www.google.com,Great story on man eating dog.
Peanuts bad for you,www.apple.com,I can't believe my eyes.
hello,www.google.com,amazing wonderful! WOW!
Omid ,www.gmail.com,omid is awesome!
Happy,www.google.com,Great site.
Ears,www.google.com,Hearing
Peanuts,www.apple.com,Hors
Caleb coding,www.allthatslocal.com,a great food blog that is amazing and so cool
sdjks,www.hello.com,dsfkjsakljd;klfjd;lkfjad;kfljda;klfjd;klfj
sdjks,www.hello.com,dsfkjsakljd;klfjd;lkfjad;kfljda;klfjd;klfj
hello world,www.allthatslocal.com,this is an amazing article!
